2026-03-16_21-11-08,0,draft.go:2026-03-16_21-11-08
2026-03-16_21-14-42,0,draft.go:2026-03-16_21-14-42
2026-03-16_21-17-54,0,draft.go:2026-03-16_21-17-54
2026-03-16_21-18-45,0,draft.go:2026-03-16_21-18-45
2026-03-21_21-28-58,0,draft.go:2026-03-21_21-28-58
2026-03-21_21-29-10,0,draft.go:2026-03-21_21-29-10
2026-03-21_21-29-18,0,draft.go:2026-03-21_21-29-18
2026-03-21_21-29-35,0,draft.go:2026-03-21_21-29-35
2026-03-21_21-50-02,0,draft.go:2026-03-21_21-50-02
2026-03-21_21-51-37,0,draft.go:2026-03-21_21-51-37
2026-03-21_21-55-31,0,draft.go:2026-03-21_21-55-31
2026-03-21_21-55-59,0,draft.go:2026-03-21_21-55-59
2026-03-21_21-56-54,0,draft.go:2026-03-21_21-56-54
2026-03-21_21-59-39,100,draft.go:2026-03-21_21-59-39
