2026-04-30_21-41-42,0,main.go:2026-04-30_21-41-42;queue.go:2026-04-30_21-41-42
2026-04-30_21-41-48,0,queue.go:2026-04-30_21-41-42;main.go:2026-04-30_21-41-42
2026-04-30_21-41-54,0,main.go:2026-04-30_21-41-42;queue.go:2026-04-30_21-41-42
2026-04-30_22-08-22,0,main.go:2026-04-30_22-08-22;queue.go:2026-04-30_21-41-42
2026-04-30_22-08-40,0,main.go:2026-04-30_22-08-40;queue.go:2026-04-30_21-41-42
2026-04-30_22-09-37,0,main.go:2026-04-30_22-09-37;queue.go:2026-04-30_21-41-42
2026-04-30_22-09-48,8,main.go:2026-04-30_22-09-48;queue.go:2026-04-30_21-41-42
2026-04-30_22-14-18,100,main.go:2026-04-30_22-14-18;queue.go:2026-04-30_21-41-42
2026-07-02_07-30-45,0,main.go:2026-04-30_22-14-18;queue.go:2026-07-02_07-30-45
2026-07-02_07-31-01,100,main.go:2026-04-30_22-14-18;queue.go:2026-07-02_07-31-01
2026-07-02_07-33-08,0,main.go:2026-07-02_07-33-08;queue.go:2026-07-02_07-31-01
2026-07-02_07-45-15,0,main.go:2026-07-02_07-45-15;queue.go:2026-07-02_07-45-15
2026-07-02_07-45-34,0,main.go:2026-07-02_07-45-34;queue.go:2026-07-02_07-45-15
2026-07-02_07-45-52,100,main.go:2026-07-02_07-45-52;queue.go:2026-07-02_07-45-15
