2026-05-01_13-24-40,0,draft.go:2026-05-01_13-24-40
2026-05-01_13-29-01,---,draft.go:2026-05-01_13-29-01
2026-05-02_05-58-23,0,draft.go:2026-05-02_05-58-23
2026-05-02_06-08-54,0,draft.go:2026-05-02_06-08-54
2026-05-02_06-13-07,0,draft.go:2026-05-02_06-13-07
2026-05-02_06-13-12,0,draft.go:2026-05-02_06-13-12
2026-05-02_06-13-34,0,draft.go:2026-05-02_06-13-34
2026-05-02_06-14-09,0,draft.go:2026-05-02_06-14-09
2026-05-02_06-15-19,0,draft.go:2026-05-02_06-15-19
2026-05-02_06-15-33,0,draft.go:2026-05-02_06-15-33
2026-05-02_06-16-21,0,draft.go:2026-05-02_06-16-21
2026-05-02_06-17-34,100,draft.go:2026-05-02_06-17-34
2026-07-01_22-09-18,100,draft.go:2026-05-02_06-17-34
2026-07-02_07-28-21,0,draft.go:2026-07-02_07-28-21
2026-07-02_07-29-10,0,draft.go:2026-07-02_07-29-10
2026-07-02_07-29-25,100,draft.go:2026-07-02_07-29-25
