2026-05-12_13-56-37,0,dlist.go:2026-05-12_13-56-37;main.go:2026-05-12_13-56-37
2026-05-12_14-01-20,0,dlist.go:2026-05-12_14-01-20;main.go:2026-05-12_13-56-37
2026-05-12_14-03-26,0,dlist.go:2026-05-12_14-03-26;main.go:2026-05-12_13-56-37
2026-05-12_14-03-54,0,dlist.go:2026-05-12_14-03-54;main.go:2026-05-12_13-56-37
2026-05-12_14-04-40,0,dlist.go:2026-05-12_14-04-40;main.go:2026-05-12_13-56-37
2026-05-12_14-04-50,0,dlist.go:2026-05-12_14-04-50;main.go:2026-05-12_13-56-37
2026-05-12_14-05-25,0,dlist.go:2026-05-12_14-05-25;main.go:2026-05-12_13-56-37
2026-05-12_14-05-42,0,dlist.go:2026-05-12_14-05-42;main.go:2026-05-12_13-56-37
2026-05-12_14-06-05,0,dlist.go:2026-05-12_14-06-05;main.go:2026-05-12_13-56-37
2026-05-12_14-06-30,0,dlist.go:2026-05-12_14-06-05;main.go:2026-05-12_13-56-37
2026-05-12_14-07-41,0,dlist.go:2026-05-12_14-06-05;main.go:2026-05-12_14-07-41
