2026-05-09_08-09-03,0,draft.go:2026-05-09_08-09-03
2026-05-09_18-02-04,0,draft.go:2026-05-09_18-02-04
2026-05-09_18-16-33,0,draft.go:2026-05-09_18-16-33
2026-05-09_18-16-44,0,draft.go:2026-05-09_18-16-44
2026-05-09_18-16-55,0,draft.go:2026-05-09_18-16-44
2026-05-09_18-17-24,0,draft.go:2026-05-09_18-17-24
2026-05-09_18-17-46,100,draft.go:2026-05-09_18-17-46
2026-06-23_13-28-19,---,draft.go:2026-05-09_18-17-46
2026-06-23_13-28-58,100,draft.go:2026-05-09_18-17-46
2026-06-24_10-05-17,0,draft.go:2026-06-24_10-05-17
2026-06-24_10-05-41,0,draft.go:2026-06-24_10-05-41
2026-06-24_10-05-53,52,draft.go:2026-06-24_10-05-53
2026-06-24_10-06-21,100,draft.go:2026-06-24_10-06-21
2026-06-24_10-06-33,100,draft.go:2026-06-24_10-06-21
