2026-03-11_13-27-23,0,draft.go:2026-03-11_13-27-23
2026-03-11_13-27-25,0,draft.go:2026-03-11_13-27-23
2026-03-13_22-39-30,---,draft.go:2026-03-13_22-39-30
2026-03-13_22-40-03,0,draft.go:2026-03-13_22-39-30
2026-03-13_22-40-03,0,draft.go:2026-03-13_22-39-30
2026-03-13_22-40-16,0,draft.go:2026-03-13_22-40-16
2026-03-13_22-40-37,0,draft.go:2026-03-13_22-40-37
2026-03-13_22-40-41,0,draft.go:2026-03-13_22-40-37
2026-03-13_22-42-23,0,draft.go:2026-03-13_22-42-23
2026-03-13_22-42-34,0,draft.go:2026-03-13_22-42-34
2026-03-13_22-43-02,0,draft.go:2026-03-13_22-43-02
2026-03-13_22-43-14,0,draft.go:2026-03-13_22-43-14
2026-03-13_22-43-33,0,draft.go:2026-03-13_22-43-33
2026-03-13_22-44-10,0,draft.go:2026-03-13_22-44-10
2026-03-13_22-44-48,0,draft.go:2026-03-13_22-44-48
2026-03-13_22-45-39,0,draft.go:2026-03-13_22-45-39
2026-03-13_22-46-33,0,draft.go:2026-03-13_22-46-33
2026-03-13_22-46-40,0,draft.go:2026-03-13_22-46-40
2026-03-13_22-46-50,0,draft.go:2026-03-13_22-46-50
2026-03-13_22-55-51,0,draft.go:2026-03-13_22-55-51
2026-03-13_22-59-01,0,draft.go:2026-03-13_22-59-01
2026-03-13_22-59-12,0,draft.go:2026-03-13_22-59-12
2026-03-13_23-00-25,100,draft.go:2026-03-13_23-00-25
2026-03-17_15-57-56,100,draft.go:2026-03-13_23-00-25
