2026-03-14_07-51-02,0,draft.go:2026-03-14_07-51-02
2026-03-14_08-09-10,0,draft.go:2026-03-14_08-09-10
2026-03-14_08-09-28,0,draft.go:2026-03-14_08-09-28
2026-03-14_08-09-35,0,draft.go:2026-03-14_08-09-35
2026-03-14_08-10-09,0,draft.go:2026-03-14_08-10-09
2026-03-14_08-10-25,50,draft.go:2026-03-14_08-10-25
2026-03-14_08-13-46,50,draft.go:2026-03-14_08-13-46
2026-03-14_08-15-40,75,draft.go:2026-03-14_08-15-40
2026-03-14_08-18-03,0,draft.go:2026-03-14_08-18-03
2026-03-14_08-18-27,0,draft.go:2026-03-14_08-18-27
2026-03-14_08-19-52,0,draft.go:2026-03-14_08-19-52
2026-03-14_08-20-31,0,draft.go:2026-03-14_08-20-31
2026-03-16_10-17-46,0,draft.go:2026-03-16_10-17-46
2026-03-16_10-17-46,0,draft.go:2026-03-16_10-17-46
2026-03-16_10-18-00,0,draft.go:2026-03-16_10-18-00
2026-03-16_10-18-17,100,draft.go:2026-03-16_10-18-17
2026-03-16_10-23-16,0,draft.go:2026-03-16_10-23-16
2026-03-16_10-23-27,0,draft.go:2026-03-16_10-23-16
2026-03-16_10-23-39,100,draft.go:2026-03-16_10-23-39
2026-03-16_10-23-48,100,draft.go:2026-03-16_10-23-39
2026-03-16_10-24-38,100,draft.go:2026-03-16_10-23-39
2026-03-16_10-34-05,75,draft.go:2026-03-16_10-34-05
2026-03-16_10-34-19,100,draft.go:2026-03-16_10-34-19
2026-03-16_21-20-55,100,draft.go:2026-03-16_21-20-55
2026-03-16_21-24-42,0,draft.go:2026-03-16_21-24-42
2026-03-16_21-25-20,0,draft.go:2026-03-16_21-25-20
2026-03-16_21-25-51,0,draft.go:2026-03-16_21-25-51
2026-03-16_21-26-38,0,draft.go:2026-03-16_21-26-38
2026-03-16_21-26-45,100,draft.go:2026-03-16_21-26-45
2026-03-16_21-27-10,100,draft.go:2026-03-16_21-27-10
2026-03-16_21-28-00,0,draft.go:2026-03-16_21-28-00
2026-03-16_21-34-21,0,draft.go:2026-03-16_21-34-21
2026-03-16_21-36-11,0,draft.go:2026-03-16_21-36-11
