2026-04-02_22-53-31,0,draft.go:2026-04-02_22-53-31
2026-04-02_22-57-24,0,draft.go:2026-04-02_22-57-24
2026-04-02_22-57-42,0,draft.go:2026-04-02_22-57-42
2026-04-02_22-58-08,0,draft.go:2026-04-02_22-58-08
2026-04-02_22-58-37,0,draft.go:2026-04-02_22-58-37
2026-04-02_22-58-55,25,draft.go:2026-04-02_22-58-55
2026-04-02_22-59-54,25,draft.go:2026-04-02_22-58-55
2026-04-02_22-59-58,---,draft.go:2026-04-02_22-58-55
2026-04-02_23-01-22,25,draft.go:2026-04-02_23-01-22
2026-04-02_23-01-58,0,draft.go:2026-04-02_23-01-58
2026-04-02_23-02-43,25,draft.go:2026-04-02_23-02-43
2026-04-02_23-03-31,25,draft.go:2026-04-02_23-03-31
2026-04-02_23-04-36,25,draft.go:2026-04-02_23-04-36
2026-04-02_23-05-08,50,draft.go:2026-04-02_23-05-08
2026-04-02_23-05-19,50,draft.go:2026-04-02_23-05-19
2026-04-02_23-06-06,50,draft.go:2026-04-02_23-06-06
2026-04-02_23-06-32,25,draft.go:2026-04-02_23-06-32
2026-04-02_23-07-06,50,draft.go:2026-04-02_23-07-06
2026-04-02_23-07-58,50,draft.go:2026-04-02_23-07-58
2026-04-02_23-08-11,50,draft.go:2026-04-02_23-08-11
2026-04-02_23-08-29,0,draft.go:2026-04-02_23-08-29
2026-04-02_23-10-22,25,draft.go:2026-04-02_23-10-22
2026-04-02_23-11-17,25,draft.go:2026-04-02_23-11-17
2026-04-02_23-12-06,25,draft.go:2026-04-02_23-12-06
2026-04-02_23-13-15,25,draft.go:2026-04-02_23-13-15
2026-04-02_23-14-14,25,draft.go:2026-04-02_23-14-14
2026-04-02_23-14-32,0,draft.go:2026-04-02_23-14-32
2026-04-02_23-14-43,25,draft.go:2026-04-02_23-14-43
2026-04-02_23-15-26,25,draft.go:2026-04-02_23-15-26
2026-04-02_23-15-35,100,draft.go:2026-04-02_23-15-35
