2026-03-13_23-11-06,0,draft.go:2026-03-13_23-11-06
2026-03-13_23-18-29,0,draft.go:2026-03-13_23-18-29
2026-03-13_23-19-08,50,draft.go:2026-03-13_23-19-08
2026-03-13_23-20-02,80,draft.go:2026-03-13_23-20-02
2026-03-13_23-22-00,100,draft.go:2026-03-13_23-22-00
2026-03-14_07-24-13,0,draft.go:2026-03-14_07-24-13
2026-03-14_07-24-43,100,draft.go:2026-03-14_07-24-43
2026-03-17_15-57-45,100,draft.go:2026-03-14_07-24-43
2026-03-21_13-38-13,---,draft.go:2026-03-14_07-24-43
2026-03-21_13-38-40,---,draft.go:2026-03-14_07-24-43
